filename,top5_ship_ids
task2_test_000001.wav,"30,276,155,163,277"
task2_test_000002.wav,"30,298,155,53,163"
task2_test_000003.wav,"240,52,97,122,154"
task2_test_000004.wav,"30,276,155,328,163"
task2_test_000005.wav,"30,277,276,155,53"
task2_test_000006.wav,"30,305,3,298,155"
task2_test_000007.wav,"30,277,32,276,143"
task2_test_000008.wav,"30,53,277,32,276"
task2_test_000009.wav,"298,30,38,277,3"
task2_test_000010.wav,"276,30,53,361,108"
task2_test_000011.wav,"155,32,276,256,30"
task2_test_000012.wav,"30,298,3,206,38"
task2_test_000013.wav,"52,240,360,154,313"
task2_test_000014.wav,"30,276,155,305,328"
task2_test_000015.wav,"30,298,3,268,206"
task2_test_000016.wav,"30,201,143,277,276"
task2_test_000017.wav,"30,276,277,120,163"
task2_test_000018.wav,"30,155,143,276,319"
task2_test_000019.wav,"30,277,276,155,38"
task2_test_000020.wav,"30,298,3,305,206"
task2_test_000021.wav,"276,143,30,277,20"
task2_test_000022.wav,"30,276,32,155,53"
task2_test_000023.wav,"30,276,53,163,120"
task2_test_000024.wav,"30,276,32,277,112"
task2_test_000025.wav,"122,280,206,178,360"
task2_test_000026.wav,"313,52,360,271,154"
task2_test_000027.wav,"298,30,163,3,38"
task2_test_000028.wav,"271,196,89,52,7"
task2_test_000029.wav,"201,30,276,155,32"
task2_test_000030.wav,"30,276,20,143,277"
task2_test_000031.wav,"30,53,20,32,276"
task2_test_000032.wav,"30,32,143,276,155"
task2_test_000033.wav,"201,276,30,277,155"
task2_test_000034.wav,"30,277,32,38,305"
task2_test_000035.wav,"30,20,53,155,172"
task2_test_000036.wav,"30,305,3,328,276"
task2_test_000037.wav,"30,276,201,163,155"
task2_test_000038.wav,"298,30,3,38,206"
task2_test_000039.wav,"30,20,155,53,32"
task2_test_000040.wav,"30,276,120,53,32"
task2_test_000041.wav,"268,155,30,206,172"
task2_test_000042.wav,"271,89,7,196,360"
task2_test_000043.wav,"3,163,30,298,276"
task2_test_000044.wav,"52,293,97,217,122"
task2_test_000045.wav,"155,32,276,53,30"
task2_test_000046.wav,"30,32,143,38,155"
task2_test_000047.wav,"30,32,276,277,143"
task2_test_000048.wav,"30,155,276,277,38"
task2_test_000049.wav,"30,276,32,277,20"
task2_test_000050.wav,"30,53,276,163,20"
task2_test_000051.wav,"360,52,240,97,313"
task2_test_000052.wav,"30,276,20,307,201"
task2_test_000053.wav,"298,30,3,155,276"
task2_test_000054.wav,"97,61,360,52,122"
task2_test_000055.wav,"30,3,276,298,155"
task2_test_000056.wav,"172,268,30,155,3"
task2_test_000057.wav,"30,155,108,276,20"
task2_test_000058.wav,"30,53,276,155,163"
task2_test_000059.wav,"30,155,143,276,305"
task2_test_000060.wav,"30,3,276,280,143"
task2_test_000061.wav,"30,3,298,268,206"
task2_test_000062.wav,"30,120,53,163,32"
task2_test_000063.wav,"94,360,251,52,154"
task2_test_000064.wav,"30,163,298,155,319"
task2_test_000065.wav,"30,276,155,277,328"
task2_test_000066.wav,"97,206,61,360,271"
task2_test_000067.wav,"360,94,251,89,105"
task2_test_000068.wav,"30,155,53,298,163"
task2_test_000069.wav,"276,30,201,32,277"
task2_test_000070.wav,"30,276,201,155,277"
task2_test_000071.wav,"30,155,20,276,53"
task2_test_000072.wav,"360,94,89,251,105"
task2_test_000073.wav,"155,268,30,172,3"
task2_test_000074.wav,"268,280,170,30,206"
task2_test_000075.wav,"53,30,32,277,163"
task2_test_000076.wav,"30,155,20,53,172"
task2_test_000077.wav,"305,30,298,206,3"
task2_test_000078.wav,"30,155,276,53,32"
task2_test_000079.wav,"206,271,360,196,313"
task2_test_000080.wav,"30,53,276,20,163"
task2_test_000081.wav,"53,30,277,163,276"
task2_test_000082.wav,"3,30,163,206,155"
task2_test_000083.wav,"30,120,276,53,163"
task2_test_000084.wav,"30,277,276,163,32"
task2_test_000085.wav,"30,305,155,3,328"
task2_test_000086.wav,"268,280,196,30,122"
task2_test_000087.wav,"276,30,298,155,3"
task2_test_000088.wav,"30,276,155,3,277"
task2_test_000089.wav,"268,280,196,170,30"
task2_test_000090.wav,"360,206,271,61,196"
task2_test_000091.wav,"155,53,30,276,172"
task2_test_000092.wav,"30,120,276,53,32"
task2_test_000093.wav,"30,277,53,155,276"
task2_test_000094.wav,"30,32,277,38,143"
task2_test_000095.wav,"97,61,360,52,122"
task2_test_000096.wav,"30,155,163,53,298"
task2_test_000097.wav,"240,97,217,293,52"
task2_test_000098.wav,"271,360,122,61,206"
task2_test_000099.wav,"360,271,206,154,178"
task2_test_000100.wav,"30,155,53,120,163"
task2_test_000101.wav,"30,277,155,53,276"
task2_test_000102.wav,"97,61,206,360,271"
task2_test_000103.wav,"360,97,206,122,61"
task2_test_000104.wav,"268,280,30,196,170"
task2_test_000105.wav,"271,61,251,97,52"
task2_test_000106.wav,"30,53,32,155,276"
task2_test_000107.wav,"271,61,52,251,154"
task2_test_000108.wav,"30,155,298,163,53"
task2_test_000109.wav,"30,155,276,108,53"
task2_test_000110.wav,"30,155,298,277,163"
task2_test_000111.wav,"30,276,155,328,305"
task2_test_000112.wav,"30,276,155,305,143"
task2_test_000113.wav,"268,172,3,155,30"
task2_test_000114.wav,"276,30,53,307,361"
task2_test_000115.wav,"30,277,276,305,20"
task2_test_000116.wav,"30,276,155,345,53"
task2_test_000117.wav,"143,276,30,20,277"
task2_test_000118.wav,"305,30,3,280,276"
task2_test_000119.wav,"268,280,30,155,53"
task2_test_000120.wav,"298,30,163,319,155"
task2_test_000121.wav,"30,155,20,276,32"
task2_test_000122.wav,"240,52,97,360,105"
task2_test_000123.wav,"30,3,163,298,38"
task2_test_000124.wav,"305,3,30,155,276"
task2_test_000125.wav,"298,30,3,163,319"
task2_test_000126.wav,"30,276,277,32,155"
task2_test_000127.wav,"155,30,20,53,276"
task2_test_000128.wav,"30,155,53,276,32"
task2_test_000129.wav,"30,276,277,108,307"
task2_test_000130.wav,"52,97,154,240,360"
task2_test_000131.wav,"196,122,30,280,268"
task2_test_000132.wav,"3,30,206,155,268"
task2_test_000133.wav,"155,30,53,20,276"
task2_test_000134.wav,"240,97,293,52,217"
task2_test_000135.wav,"30,143,53,276,155"
task2_test_000136.wav,"94,251,52,154,360"
task2_test_000137.wav,"30,276,277,108,32"
task2_test_000138.wav,"30,298,163,32,155"
task2_test_000139.wav,"30,276,163,277,53"
task2_test_000140.wav,"30,277,276,38,155"
task2_test_000141.wav,"30,155,276,143,305"
task2_test_000142.wav,"30,277,32,112,143"
task2_test_000143.wav,"97,360,52,240,154"
task2_test_000144.wav,"30,155,53,172,32"
task2_test_000145.wav,"30,276,201,307,53"
task2_test_000146.wav,"30,163,298,3,32"
task2_test_000147.wav,"30,32,155,305,276"
task2_test_000148.wav,"30,276,345,53,201"
task2_test_000149.wav,"30,155,53,276,20"
task2_test_000150.wav,"30,276,120,53,32"
task2_test_000151.wav,"30,276,307,155,120"
task2_test_000152.wav,"30,276,32,201,277"
task2_test_000153.wav,"61,360,52,206,122"
task2_test_000154.wav,"360,206,196,61,271"
task2_test_000155.wav,"97,61,206,360,122"
task2_test_000156.wav,"30,276,201,155,163"
task2_test_000157.wav,"360,356,251,52,105"
task2_test_000158.wav,"52,360,154,313,97"
task2_test_000159.wav,"30,120,155,276,20"
task2_test_000160.wav,"30,298,155,53,319"
task2_test_000161.wav,"30,277,201,143,276"
task2_test_000162.wav,"30,53,155,276,32"
task2_test_000163.wav,"30,155,256,20,276"
task2_test_000164.wav,"94,313,52,271,360"
task2_test_000165.wav,"276,30,143,20,277"
task2_test_000166.wav,"201,30,276,32,155"
task2_test_000167.wav,"293,360,97,154,122"
task2_test_000168.wav,"268,155,3,30,172"
task2_test_000169.wav,"30,143,276,155,305"
task2_test_000170.wav,"30,143,155,276,319"
task2_test_000171.wav,"298,30,163,3,38"
task2_test_000172.wav,"30,155,319,32,256"
task2_test_000173.wav,"155,30,20,276,53"
task2_test_000174.wav,"298,30,155,319,32"
task2_test_000175.wav,"196,122,52,206,97"
task2_test_000176.wav,"30,268,196,280,122"
task2_test_000177.wav,"30,53,277,155,163"
task2_test_000178.wav,"196,280,268,30,206"
task2_test_000179.wav,"30,32,155,256,276"
task2_test_000180.wav,"30,276,32,53,155"
task2_test_000181.wav,"30,277,38,32,305"
task2_test_000182.wav,"30,276,143,155,201"
task2_test_000183.wav,"30,276,143,361,108"
task2_test_000184.wav,"206,280,122,360,313"
task2_test_000185.wav,"30,276,143,163,201"
task2_test_000186.wav,"97,122,240,360,293"
task2_test_000187.wav,"32,30,277,276,112"
task2_test_000188.wav,"122,360,280,206,178"
task2_test_000189.wav,"30,20,143,361,276"
task2_test_000190.wav,"30,276,143,277,32"
task2_test_000191.wav,"360,206,280,122,196"
task2_test_000192.wav,"178,7,122,360,154"
task2_test_000193.wav,"30,20,276,53,155"
task2_test_000194.wav,"30,53,155,277,298"
task2_test_000195.wav,"268,280,196,30,122"
task2_test_000196.wav,"298,155,30,32,319"
task2_test_000197.wav,"30,53,20,276,155"
task2_test_000198.wav,"30,143,276,163,32"
task2_test_000199.wav,"155,268,30,172,3"
task2_test_000200.wav,"30,53,277,276,155"
task2_test_000201.wav,"360,94,251,89,52"
task2_test_000202.wav,"30,120,276,155,307"
task2_test_000203.wav,"30,155,256,32,276"
task2_test_000204.wav,"30,32,276,155,53"
task2_test_000205.wav,"30,276,32,20,277"
task2_test_000206.wav,"30,276,120,277,163"
task2_test_000207.wav,"30,155,298,277,276"
task2_test_000208.wav,"201,30,276,163,53"
task2_test_000209.wav,"30,276,143,201,163"
task2_test_000210.wav,"30,155,143,319,276"
task2_test_000211.wav,"196,206,122,30,280"
task2_test_000212.wav,"30,276,163,143,53"
task2_test_000213.wav,"53,30,163,32,277"
task2_test_000214.wav,"155,30,20,53,172"
task2_test_000215.wav,"298,276,30,155,32"
task2_test_000216.wav,"276,30,307,277,53"
task2_test_000217.wav,"30,276,201,53,307"
task2_test_000218.wav,"360,280,122,206,271"
task2_test_000219.wav,"61,271,52,313,97"
task2_test_000220.wav,"30,53,163,276,3"
task2_test_000221.wav,"30,277,276,163,155"
task2_test_000222.wav,"360,206,280,122,271"
task2_test_000223.wav,"268,280,155,30,3"
task2_test_000224.wav,"30,277,32,276,305"
task2_test_000225.wav,"30,155,20,277,276"
task2_test_000226.wav,"30,276,298,328,3"
task2_test_000227.wav,"30,155,277,53,298"
task2_test_000228.wav,"3,30,298,206,268"
task2_test_000229.wav,"94,89,52,97,251"
task2_test_000230.wav,"122,280,206,196,360"
task2_test_000231.wav,"3,305,30,276,280"
task2_test_000232.wav,"30,276,201,32,155"
task2_test_000233.wav,"298,30,163,32,3"
task2_test_000234.wav,"30,276,307,53,201"
task2_test_000235.wav,"30,155,53,276,32"
task2_test_000236.wav,"30,305,298,3,155"
task2_test_000237.wav,"298,30,155,319,276"
task2_test_000238.wav,"30,155,277,298,53"
task2_test_000239.wav,"276,30,201,108,32"
task2_test_000240.wav,"30,277,38,276,32"
task2_test_000241.wav,"155,298,30,32,276"
task2_test_000242.wav,"94,251,360,52,89"
task2_test_000243.wav,"61,52,97,360,271"
task2_test_000244.wav,"30,32,155,276,256"
task2_test_000245.wav,"30,32,53,277,276"
task2_test_000246.wav,"53,30,163,32,277"
task2_test_000247.wav,"298,30,163,32,319"
task2_test_000248.wav,"30,32,155,98,276"
task2_test_000249.wav,"30,155,20,276,53"
task2_test_000250.wav,"201,143,30,276,277"
task2_test_000251.wav,"30,32,276,277,112"
task2_test_000252.wav,"122,280,89,206,132"
task2_test_000253.wav,"30,276,328,163,155"
task2_test_000254.wav,"30,277,155,276,163"
task2_test_000255.wav,"97,240,293,52,217"
task2_test_000256.wav,"30,277,38,32,305"
task2_test_000257.wav,"201,277,276,30,143"
task2_test_000258.wav,"30,276,201,108,277"
task2_test_000259.wav,"271,360,97,61,88"
task2_test_000260.wav,"30,155,20,53,276"
task2_test_000261.wav,"30,276,20,143,277"
task2_test_000262.wav,"30,155,53,20,276"
task2_test_000263.wav,"201,276,32,30,277"
task2_test_000264.wav,"30,53,276,277,163"
task2_test_000265.wav,"52,154,240,313,105"
task2_test_000266.wav,"30,298,163,32,319"
task2_test_000267.wav,"20,30,53,155,276"
task2_test_000268.wav,"30,276,155,328,163"
task2_test_000269.wav,"298,30,155,3,276"
task2_test_000270.wav,"240,3,30,276,298"
task2_test_000271.wav,"30,276,32,143,277"
task2_test_000272.wav,"30,276,298,155,328"
task2_test_000273.wav,"155,30,53,20,276"
task2_test_000274.wav,"30,53,276,32,163"
task2_test_000275.wav,"268,155,30,206,280"
task2_test_000276.wav,"276,30,307,201,53"
task2_test_000277.wav,"206,280,360,122,313"
task2_test_000278.wav,"52,97,154,240,293"
task2_test_000279.wav,"30,163,298,319,155"
task2_test_000280.wav,"30,20,143,53,155"
task2_test_000281.wav,"30,276,307,53,277"
task2_test_000282.wav,"271,360,196,206,7"
task2_test_000283.wav,"30,143,276,32,201"
task2_test_000284.wav,"30,155,53,20,172"
task2_test_000285.wav,"30,32,53,277,120"
task2_test_000286.wav,"30,276,20,32,277"
task2_test_000287.wav,"30,155,32,20,276"
task2_test_000288.wav,"155,30,32,256,276"
task2_test_000289.wav,"196,360,271,61,206"
task2_test_000290.wav,"30,276,201,307,53"
task2_test_000291.wav,"30,201,276,53,307"
task2_test_000292.wav,"268,280,30,206,132"
task2_test_000293.wav,"298,30,163,319,3"
task2_test_000294.wav,"30,53,277,155,163"
task2_test_000295.wav,"268,280,170,206,30"
task2_test_000296.wav,"276,30,20,307,155"
task2_test_000297.wav,"30,32,276,277,112"
task2_test_000298.wav,"143,276,30,32,277"
task2_test_000299.wav,"268,155,30,3,170"
task2_test_000300.wav,"30,298,206,243,3"
task2_test_000301.wav,"268,280,155,30,206"
task2_test_000302.wav,"97,240,52,293,217"
task2_test_000303.wav,"122,280,206,178,196"
task2_test_000304.wav,"305,3,30,298,319"
task2_test_000305.wav,"30,120,276,277,53"
task2_test_000306.wav,"30,155,53,172,32"
task2_test_000307.wav,"30,143,276,20,361"
task2_test_000308.wav,"143,30,276,155,305"
task2_test_000309.wav,"360,94,251,89,105"
task2_test_000310.wav,"30,276,201,143,32"
task2_test_000311.wav,"298,30,155,163,319"
task2_test_000312.wav,"276,30,201,32,277"
task2_test_000313.wav,"155,30,143,276,256"
task2_test_000314.wav,"122,280,206,178,196"
task2_test_000315.wav,"298,30,163,3,32"
task2_test_000316.wav,"30,120,276,155,143"
task2_test_000317.wav,"276,30,32,201,277"
task2_test_000318.wav,"30,276,307,155,53"
task2_test_000319.wav,"30,276,53,155,277"
task2_test_000320.wav,"30,276,155,53,298"
task2_test_000321.wav,"276,30,32,201,277"
task2_test_000322.wav,"30,276,277,32,143"
task2_test_000323.wav,"30,155,298,163,319"
task2_test_000324.wav,"298,30,155,276,3"
task2_test_000325.wav,"30,276,155,328,298"
task2_test_000326.wav,"240,97,52,217,293"
task2_test_000327.wav,"30,32,155,256,276"
task2_test_000328.wav,"30,277,276,163,38"
task2_test_000329.wav,"201,276,30,277,155"
task2_test_000330.wav,"32,276,277,30,112"
task2_test_000331.wav,"30,20,276,143,277"
task2_test_000332.wav,"155,268,30,172,3"
task2_test_000333.wav,"143,30,276,32,277"
task2_test_000334.wav,"360,88,356,251,271"
task2_test_000335.wav,"30,277,32,53,276"
task2_test_000336.wav,"30,276,305,143,155"
task2_test_000337.wav,"122,280,206,196,89"
task2_test_000338.wav,"360,94,251,89,105"
task2_test_000339.wav,"30,277,276,38,163"
task2_test_000340.wav,"30,32,305,143,155"
task2_test_000341.wav,"30,155,32,276,20"
task2_test_000342.wav,"30,3,163,298,38"
task2_test_000343.wav,"298,30,3,206,243"
task2_test_000344.wav,"240,97,293,217,52"
task2_test_000345.wav,"30,3,163,276,32"
task2_test_000346.wav,"360,122,280,206,178"
task2_test_000347.wav,"30,32,277,305,38"
task2_test_000348.wav,"30,120,276,53,32"
task2_test_000349.wav,"201,276,30,32,277"
task2_test_000350.wav,"30,276,155,3,143"
task2_test_000351.wav,"360,97,52,154,313"
task2_test_000352.wav,"30,155,276,305,32"
task2_test_000353.wav,"3,30,305,276,328"
task2_test_000354.wav,"268,280,305,30,155"
task2_test_000355.wav,"30,32,155,256,276"
task2_test_000356.wav,"30,155,38,32,305"
task2_test_000357.wav,"30,276,155,328,163"
task2_test_000358.wav,"201,276,277,30,155"
task2_test_000359.wav,"268,155,30,206,3"
task2_test_000360.wav,"276,30,108,361,143"
task2_test_000361.wav,"256,276,155,163,201"
task2_test_000362.wav,"30,53,155,276,32"
task2_test_000363.wav,"122,280,206,196,89"
task2_test_000364.wav,"201,30,143,276,277"
task2_test_000365.wav,"122,280,89,206,196"
task2_test_000366.wav,"360,94,251,89,105"
task2_test_000367.wav,"360,356,88,251,52"
task2_test_000368.wav,"276,201,30,32,277"
task2_test_000369.wav,"30,108,276,143,32"
task2_test_000370.wav,"298,30,155,276,319"
task2_test_000371.wav,"30,276,305,143,155"
task2_test_000372.wav,"30,155,53,276,32"
task2_test_000373.wav,"30,120,53,276,163"
task2_test_000374.wav,"30,53,163,32,155"
task2_test_000375.wav,"30,32,155,256,276"
task2_test_000376.wav,"268,155,280,30,3"
task2_test_000377.wav,"30,276,32,277,201"
task2_test_000378.wav,"30,53,276,163,155"
task2_test_000379.wav,"30,276,277,53,32"
task2_test_000380.wav,"305,30,3,298,206"
task2_test_000381.wav,"30,276,32,20,277"
task2_test_000382.wav,"268,280,30,155,53"
task2_test_000383.wav,"30,155,20,276,32"
task2_test_000384.wav,"30,20,143,276,277"
task2_test_000385.wav,"143,201,30,277,276"
task2_test_000386.wav,"122,280,196,206,30"
task2_test_000387.wav,"30,298,163,155,319"
task2_test_000388.wav,"32,30,277,276,112"
task2_test_000389.wav,"30,298,305,3,206"
task2_test_000390.wav,"313,52,94,271,360"
task2_test_000391.wav,"97,240,293,217,52"
task2_test_000392.wav,"30,155,276,305,143"
task2_test_000393.wav,"97,206,360,61,122"
task2_test_000394.wav,"30,108,276,361,155"
task2_test_000395.wav,"30,20,277,305,155"
task2_test_000396.wav,"30,53,155,163,32"
task2_test_000397.wav,"30,155,298,276,163"
task2_test_000398.wav,"276,30,108,155,53"
task2_test_000399.wav,"97,240,52,217,122"
task2_test_000400.wav,"30,276,32,20,277"
task2_test_000401.wav,"61,360,52,271,206"
task2_test_000402.wav,"30,276,163,120,155"
task2_test_000403.wav,"30,277,32,305,276"
task2_test_000404.wav,"30,155,276,20,256"
task2_test_000405.wav,"30,298,38,3,155"
task2_test_000406.wav,"53,30,276,32,163"
task2_test_000407.wav,"30,38,277,32,276"
task2_test_000408.wav,"30,276,143,277,38"
task2_test_000409.wav,"201,276,277,30,143"
task2_test_000410.wav,"201,276,277,30,155"
task2_test_000411.wav,"307,30,155,276,120"
task2_test_000412.wav,"94,52,313,105,240"
task2_test_000413.wav,"143,201,30,277,276"
task2_test_000414.wav,"122,280,132,360,206"
task2_test_000415.wav,"298,30,155,163,32"
task2_test_000416.wav,"30,276,277,143,163"
task2_test_000417.wav,"276,30,143,20,155"
task2_test_000418.wav,"268,280,30,196,206"
task2_test_000419.wav,"30,32,38,143,277"
task2_test_000420.wav,"268,280,170,206,30"
task2_test_000421.wav,"268,155,30,3,206"
task2_test_000422.wav,"201,276,30,277,155"
task2_test_000423.wav,"30,276,53,120,163"
task2_test_000424.wav,"30,53,277,163,155"
task2_test_000425.wav,"122,280,206,89,196"
task2_test_000426.wav,"30,155,53,32,163"
task2_test_000427.wav,"30,276,328,3,163"
task2_test_000428.wav,"30,32,155,276,112"
task2_test_000429.wav,"30,277,276,112,143"
task2_test_000430.wav,"276,20,143,30,277"
task2_test_000431.wav,"155,30,32,256,276"
task2_test_000432.wav,"30,155,276,20,32"
task2_test_000433.wav,"155,30,20,53,276"
task2_test_000434.wav,"298,30,155,319,163"
task2_test_000435.wav,"30,276,163,53,328"
task2_test_000436.wav,"30,276,53,143,361"
task2_test_000437.wav,"298,30,276,155,3"
task2_test_000438.wav,"280,122,206,132,89"
task2_test_000439.wav,"53,30,155,276,163"
task2_test_000440.wav,"268,155,280,30,170"
task2_test_000441.wav,"30,155,32,256,20"
task2_test_000442.wav,"30,155,276,298,328"
task2_test_000443.wav,"30,298,3,305,276"
task2_test_000444.wav,"298,30,3,206,319"
task2_test_000445.wav,"268,155,30,172,206"
task2_test_000446.wav,"172,268,3,30,155"
task2_test_000447.wav,"30,163,276,120,53"
task2_test_000448.wav,"276,277,143,32,20"
task2_test_000449.wav,"276,30,143,305,38"
task2_test_000450.wav,"305,30,280,3,276"
task2_test_000451.wav,"122,280,360,132,206"
task2_test_000452.wav,"268,280,170,206,30"
task2_test_000453.wav,"280,122,206,89,132"
task2_test_000454.wav,"52,313,360,154,240"
task2_test_000455.wav,"3,30,268,163,206"
task2_test_000456.wav,"30,155,20,53,172"
task2_test_000457.wav,"30,277,32,305,276"
task2_test_000458.wav,"360,88,356,251,271"
task2_test_000459.wav,"30,163,53,155,298"
task2_test_000460.wav,"30,276,345,53,201"
task2_test_000461.wav,"30,298,3,305,206"
task2_test_000462.wav,"293,360,97,240,52"
task2_test_000463.wav,"155,30,53,172,276"
task2_test_000464.wav,"298,30,32,319,243"
task2_test_000465.wav,"30,276,361,143,108"
task2_test_000466.wav,"276,30,108,256,163"
task2_test_000467.wav,"30,143,155,276,319"
task2_test_000468.wav,"94,360,251,52,89"
task2_test_000469.wav,"298,30,155,53,32"
task2_test_000470.wav,"360,271,196,7,206"
task2_test_000471.wav,"30,32,276,277,108"
task2_test_000472.wav,"276,143,30,20,32"
task2_test_000473.wav,"201,143,30,277,276"
task2_test_000474.wav,"30,276,155,163,328"
task2_test_000475.wav,"30,143,32,155,256"
task2_test_000476.wav,"196,271,89,360,7"
task2_test_000477.wav,"32,276,30,277,201"
task2_test_000478.wav,"276,30,201,108,277"
task2_test_000479.wav,"360,178,122,7,206"
task2_test_000480.wav,"30,163,155,298,319"
task2_test_000481.wav,"298,30,155,276,3"
task2_test_000482.wav,"360,88,356,271,251"
task2_test_000483.wav,"30,305,276,328,155"
task2_test_000484.wav,"30,276,163,53,155"
task2_test_000485.wav,"30,155,53,276,172"
task2_test_000486.wav,"360,88,268,271,356"
task2_test_000487.wav,"360,356,88,251,52"
task2_test_000488.wav,"30,268,206,155,305"
task2_test_000489.wav,"240,52,313,105,89"
task2_test_000490.wav,"122,280,196,206,30"
task2_test_000491.wav,"30,155,143,276,305"
task2_test_000492.wav,"271,7,360,52,196"
task2_test_000493.wav,"30,276,201,143,20"
task2_test_000494.wav,"30,32,53,276,277"
task2_test_000495.wav,"30,298,305,3,155"
task2_test_000496.wav,"30,53,20,155,32"
task2_test_000497.wav,"122,280,206,196,89"
task2_test_000498.wav,"30,276,120,53,32"
task2_test_000499.wav,"155,30,277,276,163"
task2_test_000500.wav,"30,298,155,276,163"
task2_test_000501.wav,"298,163,30,32,3"
task2_test_000502.wav,"276,30,361,108,53"
task2_test_000503.wav,"122,280,206,89,178"
task2_test_000504.wav,"298,155,30,319,276"
task2_test_000505.wav,"30,277,38,32,240"
task2_test_000506.wav,"196,271,89,52,360"
task2_test_000507.wav,"30,277,201,143,276"
task2_test_000508.wav,"30,276,32,155,120"
task2_test_000509.wav,"30,143,155,32,256"
task2_test_000510.wav,"30,32,256,155,143"
task2_test_000511.wav,"276,30,32,201,277"
task2_test_000512.wav,"122,178,360,280,206"
task2_test_000513.wav,"30,32,276,277,108"
task2_test_000514.wav,"360,271,268,251,132"
task2_test_000515.wav,"360,61,196,206,7"
task2_test_000516.wav,"94,52,251,89,360"
task2_test_000517.wav,"30,276,20,277,143"
task2_test_000518.wav,"277,30,38,143,276"
task2_test_000519.wav,"94,52,313,271,154"
task2_test_000520.wav,"61,360,206,271,122"
task2_test_000521.wav,"240,97,293,52,217"
task2_test_000522.wav,"30,298,305,3,277"
task2_test_000523.wav,"94,360,89,52,251"
task2_test_000524.wav,"276,30,53,32,277"
task2_test_000525.wav,"30,32,53,276,155"
task2_test_000526.wav,"298,30,3,155,276"
task2_test_000527.wav,"30,276,163,53,120"
task2_test_000528.wav,"280,3,305,240,30"
task2_test_000529.wav,"30,32,155,276,163"
task2_test_000530.wav,"30,155,143,276,305"
task2_test_000531.wav,"122,360,280,206,178"
task2_test_000532.wav,"298,30,155,276,3"
task2_test_000533.wav,"271,61,251,97,52"
task2_test_000534.wav,"30,163,53,276,32"
task2_test_000535.wav,"276,143,277,20,30"
task2_test_000536.wav,"61,97,206,271,360"
task2_test_000537.wav,"30,155,276,32,277"
task2_test_000538.wav,"30,201,276,155,277"
task2_test_000539.wav,"122,280,89,206,360"
task2_test_000540.wav,"277,30,276,38,155"
task2_test_000541.wav,"30,20,155,53,143"
task2_test_000542.wav,"268,172,170,3,30"
task2_test_000543.wav,"30,268,196,280,122"
task2_test_000544.wav,"30,276,155,163,143"
task2_test_000545.wav,"276,30,201,32,277"
task2_test_000546.wav,"30,276,32,277,201"
task2_test_000547.wav,"268,3,155,30,206"
task2_test_000548.wav,"201,277,276,30,143"
task2_test_000549.wav,"360,313,154,271,206"
task2_test_000550.wav,"30,155,20,32,143"
task2_test_000551.wav,"276,3,163,30,328"
task2_test_000552.wav,"30,53,276,120,277"
task2_test_000553.wav,"30,155,143,276,20"
task2_test_000554.wav,"97,240,122,360,52"
task2_test_000555.wav,"122,280,206,89,196"
task2_test_000556.wav,"298,30,155,3,276"
task2_test_000557.wav,"240,52,97,105,122"
task2_test_000558.wav,"201,276,30,32,155"
task2_test_000559.wav,"94,52,251,89,360"
task2_test_000560.wav,"240,52,313,105,89"
task2_test_000561.wav,"30,143,276,155,305"
task2_test_000562.wav,"30,32,276,155,112"
task2_test_000563.wav,"30,276,20,201,307"
task2_test_000564.wav,"30,20,53,276,361"
task2_test_000565.wav,"53,30,277,32,276"
task2_test_000566.wav,"30,298,276,3,163"
task2_test_000567.wav,"61,196,360,271,206"
task2_test_000568.wav,"30,53,276,32,260"
task2_test_000569.wav,"30,276,155,108,163"
task2_test_000570.wav,"30,305,143,146,277"
task2_test_000571.wav,"30,143,38,32,277"
task2_test_000572.wav,"32,277,276,30,143"
task2_test_000573.wav,"240,97,52,293,217"
task2_test_000574.wav,"30,143,32,155,276"
task2_test_000575.wav,"30,143,155,276,319"
task2_test_000576.wav,"277,30,276,163,53"
task2_test_000577.wav,"30,298,163,3,32"
task2_test_000578.wav,"271,52,7,132,360"
task2_test_000579.wav,"97,61,52,360,154"
task2_test_000580.wav,"30,53,155,277,32"
task2_test_000581.wav,"268,280,122,30,196"
task2_test_000582.wav,"271,360,206,61,7"
task2_test_000583.wav,"30,143,201,277,276"
task2_test_000584.wav,"52,313,154,94,271"
task2_test_000585.wav,"298,30,163,3,32"
task2_test_000586.wav,"30,155,276,277,328"
task2_test_000587.wav,"30,20,276,307,155"
task2_test_000588.wav,"155,30,32,276,256"
task2_test_000589.wav,"298,30,155,305,3"
task2_test_000590.wav,"97,61,206,360,271"
task2_test_000591.wav,"30,143,20,276,361"
task2_test_000592.wav,"30,276,277,120,32"
task2_test_000593.wav,"52,313,360,154,105"
task2_test_000594.wav,"276,30,32,277,143"
task2_test_000595.wav,"94,360,89,52,251"
task2_test_000596.wav,"155,32,276,30,53"
task2_test_000597.wav,"30,276,305,143,32"
task2_test_000598.wav,"30,3,305,328,276"
task2_test_000599.wav,"97,293,154,240,360"
task2_test_000600.wav,"30,53,20,155,276"
task2_test_000601.wav,"360,271,7,89,196"
task2_test_000602.wav,"30,277,276,120,163"
task2_test_000603.wav,"30,276,143,155,38"
task2_test_000604.wav,"30,155,20,53,172"
task2_test_000605.wav,"30,32,276,163,53"
task2_test_000606.wav,"30,276,361,143,108"
task2_test_000607.wav,"268,280,30,206,155"
task2_test_000608.wav,"271,196,52,122,360"
task2_test_000609.wav,"30,276,120,163,53"
task2_test_000610.wav,"30,298,155,53,32"
task2_test_000611.wav,"206,360,61,196,271"
task2_test_000612.wav,"30,155,32,256,276"
task2_test_000613.wav,"30,277,276,32,53"
task2_test_000614.wav,"30,143,20,276,361"
task2_test_000615.wav,"298,30,38,163,3"
task2_test_000616.wav,"196,122,280,206,30"
task2_test_000617.wav,"30,155,20,53,276"
task2_test_000618.wav,"276,30,361,201,108"
task2_test_000619.wav,"30,120,53,276,163"
task2_test_000620.wav,"30,276,20,277,143"
task2_test_000621.wav,"30,53,155,276,32"
task2_test_000622.wav,"268,3,155,30,206"
task2_test_000623.wav,"30,155,143,276,319"
task2_test_000624.wav,"240,52,105,89,97"
task2_test_000625.wav,"293,52,97,122,240"
task2_test_000626.wav,"276,30,20,143,277"
task2_test_000627.wav,"30,20,155,53,276"
task2_test_000628.wav,"201,276,277,30,155"
task2_test_000629.wav,"30,155,53,172,32"
task2_test_000630.wav,"298,30,155,276,3"
task2_test_000631.wav,"30,155,20,276,32"
task2_test_000632.wav,"196,271,61,206,89"
task2_test_000633.wav,"280,305,268,3,276"
task2_test_000634.wav,"3,30,206,305,268"
task2_test_000635.wav,"298,30,155,276,277"
task2_test_000636.wav,"30,276,328,163,155"
task2_test_000637.wav,"30,276,201,307,53"
task2_test_000638.wav,"30,20,53,155,276"
task2_test_000639.wav,"30,155,298,53,163"
task2_test_000640.wav,"360,271,196,206,7"
task2_test_000641.wav,"30,277,38,155,32"
task2_test_000642.wav,"53,30,276,277,32"
task2_test_000643.wav,"32,30,155,53,276"
task2_test_000644.wav,"280,122,206,132,360"
task2_test_000645.wav,"30,298,305,3,155"
task2_test_000646.wav,"30,155,305,276,328"
task2_test_000647.wav,"30,32,112,276,155"
task2_test_000648.wav,"206,97,360,61,122"
task2_test_000649.wav,"298,155,30,276,277"
task2_test_000650.wav,"30,155,276,32,172"
task2_test_000651.wav,"271,196,7,89,360"
task2_test_000652.wav,"206,360,313,271,154"
task2_test_000653.wav,"298,30,163,32,319"
task2_test_000654.wav,"30,276,155,163,277"
task2_test_000655.wav,"61,97,52,360,271"
task2_test_000656.wav,"30,32,155,256,276"
task2_test_000657.wav,"30,155,20,276,53"
task2_test_000658.wav,"30,163,53,276,155"
task2_test_000659.wav,"201,276,30,32,277"
task2_test_000660.wav,"271,122,313,360,61"
task2_test_000661.wav,"276,298,3,30,155"
task2_test_000662.wav,"360,268,271,88,251"
task2_test_000663.wav,"30,155,143,276,20"
task2_test_000664.wav,"271,360,7,89,196"
task2_test_000665.wav,"240,52,97,360,154"
task2_test_000666.wav,"30,155,298,53,163"
task2_test_000667.wav,"30,53,32,276,277"
task2_test_000668.wav,"30,277,38,32,276"
task2_test_000669.wav,"30,53,163,32,155"
task2_test_000670.wav,"30,32,277,276,112"
task2_test_000671.wav,"360,7,196,206,61"
task2_test_000672.wav,"61,360,97,52,206"
task2_test_000673.wav,"30,276,108,277,32"
task2_test_000674.wav,"206,61,360,122,271"
task2_test_000675.wav,"305,30,3,298,206"
task2_test_000676.wav,"30,276,143,201,163"
task2_test_000677.wav,"30,20,276,143,53"
task2_test_000678.wav,"30,276,277,120,163"
task2_test_000679.wav,"30,276,32,201,20"
task2_test_000680.wav,"30,20,53,155,172"
task2_test_000681.wav,"276,30,201,32,277"
task2_test_000682.wav,"298,30,163,3,32"
task2_test_000683.wav,"276,30,112,132,20"
task2_test_000684.wav,"3,276,30,163,328"
task2_test_000685.wav,"30,298,32,163,155"
task2_test_000686.wav,"30,277,155,276,38"
task2_test_000687.wav,"97,240,52,154,217"
task2_test_000688.wav,"30,276,163,53,155"
task2_test_000689.wav,"201,30,276,53,155"
task2_test_000690.wav,"32,30,155,256,276"
task2_test_000691.wav,"30,155,276,53,32"
task2_test_000692.wav,"30,277,53,32,276"
task2_test_000693.wav,"30,163,53,155,298"
task2_test_000694.wav,"30,277,276,38,120"
task2_test_000695.wav,"30,276,53,108,155"
task2_test_000696.wav,"30,276,32,277,108"
task2_test_000697.wav,"298,30,155,276,163"
task2_test_000698.wav,"30,163,120,276,53"
task2_test_000699.wav,"201,276,360,30,268"
task2_test_000700.wav,"30,3,276,143,280"
task2_test_000701.wav,"276,30,20,143,277"
task2_test_000702.wav,"30,277,53,155,276"
task2_test_000703.wav,"276,30,3,163,143"
task2_test_000704.wav,"313,52,360,271,105"
task2_test_000705.wav,"30,276,163,53,277"
task2_test_000706.wav,"122,280,206,132,360"
task2_test_000707.wav,"30,298,38,3,155"
task2_test_000708.wav,"30,277,201,143,276"
task2_test_000709.wav,"122,280,196,206,30"
task2_test_000710.wav,"30,277,38,276,155"
task2_test_000711.wav,"30,143,32,38,276"
task2_test_000712.wav,"201,276,30,32,277"
task2_test_000713.wav,"360,122,280,206,178"
task2_test_000714.wav,"30,276,345,53,305"
task2_test_000715.wav,"271,196,89,7,360"
task2_test_000716.wav,"360,94,251,89,52"
task2_test_000717.wav,"122,268,280,132,360"
task2_test_000718.wav,"201,30,276,53,163"
task2_test_000719.wav,"30,120,277,276,155"
task2_test_000720.wav,"30,32,155,256,276"
task2_test_000721.wav,"122,360,280,178,206"
task2_test_000722.wav,"30,298,155,53,163"
task2_test_000723.wav,"313,52,360,240,105"
task2_test_000724.wav,"30,276,53,307,20"
task2_test_000725.wav,"52,360,154,313,240"
task2_test_000726.wav,"298,30,163,32,319"
task2_test_000727.wav,"268,155,30,280,3"
task2_test_000728.wav,"30,155,20,276,32"
task2_test_000729.wav,"30,276,163,328,155"
task2_test_000730.wav,"201,276,277,30,155"
task2_test_000731.wav,"30,276,53,155,163"
task2_test_000732.wav,"201,30,276,53,163"
task2_test_000733.wav,"298,30,163,3,319"
task2_test_000734.wav,"30,3,163,276,32"
task2_test_000735.wav,"30,108,163,276,143"
task2_test_000736.wav,"30,32,276,277,20"
task2_test_000737.wav,"155,298,30,163,53"
task2_test_000738.wav,"280,122,206,360,132"
task2_test_000739.wav,"360,132,280,268,313"
task2_test_000740.wav,"30,276,20,143,155"
task2_test_000741.wav,"32,276,30,277,143"
task2_test_000742.wav,"52,196,122,97,55"
task2_test_000743.wav,"30,277,38,155,276"
task2_test_000744.wav,"30,277,298,276,3"
task2_test_000745.wav,"360,271,132,122,313"
task2_test_000746.wav,"30,256,155,32,143"
task2_test_000747.wav,"122,360,280,206,271"
task2_test_000748.wav,"52,313,240,360,105"
task2_test_000749.wav,"360,206,52,271,132"
task2_test_000750.wav,"30,276,155,305,328"
task2_test_000751.wav,"155,30,20,53,276"
task2_test_000752.wav,"360,52,206,271,132"
task2_test_000753.wav,"201,276,32,30,277"
task2_test_000754.wav,"30,155,32,256,319"
task2_test_000755.wav,"30,20,276,143,53"
task2_test_000756.wav,"30,38,277,143,276"
task2_test_000757.wav,"276,143,30,32,163"
task2_test_000758.wav,"30,32,277,143,155"
task2_test_000759.wav,"122,280,206,132,196"
task2_test_000760.wav,"97,61,360,52,206"
task2_test_000761.wav,"276,30,201,143,112"
task2_test_000762.wav,"30,32,276,277,112"
task2_test_000763.wav,"3,30,298,268,163"
task2_test_000764.wav,"30,155,276,53,32"
task2_test_000765.wav,"360,94,89,251,105"
task2_test_000766.wav,"30,276,20,143,201"
task2_test_000767.wav,"30,53,32,155,276"
task2_test_000768.wav,"30,32,155,276,256"
task2_test_000769.wav,"61,360,97,52,206"
task2_test_000770.wav,"122,313,132,360,271"
task2_test_000771.wav,"53,30,276,277,155"
task2_test_000772.wav,"298,30,38,3,163"
task2_test_000773.wav,"298,155,30,32,276"
task2_test_000774.wav,"30,155,276,143,305"
task2_test_000775.wav,"30,201,277,143,276"
task2_test_000776.wav,"30,276,143,38,155"
task2_test_000777.wav,"30,53,155,276,163"
task2_test_000778.wav,"30,120,276,53,163"
task2_test_000779.wav,"94,52,240,89,105"
task2_test_000780.wav,"206,271,61,360,196"
task2_test_000781.wav,"30,276,361,143,108"
task2_test_000782.wav,"52,97,356,89,217"
task2_test_000783.wav,"30,155,276,163,108"
task2_test_000784.wav,"206,271,360,196,7"
task2_test_000785.wav,"201,276,30,32,277"
task2_test_000786.wav,"293,97,240,217,52"
task2_test_000787.wav,"30,53,32,277,276"
task2_test_000788.wav,"155,30,268,3,206"
task2_test_000789.wav,"298,30,277,3,38"
task2_test_000790.wav,"30,276,155,307,120"
task2_test_000791.wav,"30,276,155,307,120"
task2_test_000792.wav,"271,196,89,52,7"
task2_test_000793.wav,"32,30,155,276,53"
task2_test_000794.wav,"30,319,155,3,163"
task2_test_000795.wav,"30,32,155,256,276"
task2_test_000796.wav,"122,360,280,206,271"
task2_test_000797.wav,"277,30,276,143,38"
task2_test_000798.wav,"30,155,319,276,32"
task2_test_000799.wav,"30,53,155,298,163"
task2_test_000800.wav,"30,277,276,163,53"
task2_test_000801.wav,"30,53,276,163,120"
task2_test_000802.wav,"30,143,20,276,361"
task2_test_000803.wav,"240,52,89,105,313"
task2_test_000804.wav,"53,277,30,276,163"
task2_test_000805.wav,"30,155,276,32,20"
task2_test_000806.wav,"30,276,120,32,163"
task2_test_000807.wav,"360,206,271,196,7"
task2_test_000808.wav,"30,32,155,276,112"
task2_test_000809.wav,"360,196,271,7,313"
task2_test_000810.wav,"30,305,206,298,3"
task2_test_000811.wav,"240,52,89,105,97"
task2_test_000812.wav,"30,276,155,32,277"
task2_test_000813.wav,"268,280,170,155,30"
task2_test_000814.wav,"155,268,30,3,206"
task2_test_000815.wav,"30,155,53,276,163"
task2_test_000816.wav,"30,201,53,276,307"
task2_test_000817.wav,"30,276,20,307,155"
task2_test_000818.wav,"30,276,32,277,201"
task2_test_000819.wav,"30,276,20,277,32"
task2_test_000820.wav,"97,240,122,360,52"
task2_test_000821.wav,"298,30,155,32,319"
task2_test_000822.wav,"298,30,3,319,243"
task2_test_000823.wav,"32,276,277,30,143"
task2_test_000824.wav,"30,276,20,143,32"
task2_test_000825.wav,"30,276,143,201,163"
task2_test_000826.wav,"30,143,276,20,32"
task2_test_000827.wav,"30,276,3,163,298"
task2_test_000828.wav,"143,30,32,305,276"
task2_test_000829.wav,"276,163,256,143,30"
task2_test_000830.wav,"122,280,360,206,132"
task2_test_000831.wav,"206,360,271,196,280"
task2_test_000832.wav,"155,30,163,53,32"
task2_test_000833.wav,"240,97,52,217,122"
task2_test_000834.wav,"30,201,276,155,32"
task2_test_000835.wav,"30,38,155,305,276"
task2_test_000836.wav,"97,313,360,271,52"
task2_test_000837.wav,"30,32,277,276,112"
task2_test_000838.wav,"360,7,154,178,271"
task2_test_000839.wav,"30,155,256,20,32"
task2_test_000840.wav,"276,155,143,256,30"
task2_test_000841.wav,"271,52,7,196,132"
task2_test_000842.wav,"276,143,30,20,277"
task2_test_000843.wav,"30,276,53,120,143"
task2_test_000844.wav,"30,32,143,277,276"
task2_test_000845.wav,"122,178,280,360,206"
task2_test_000846.wav,"277,30,276,163,38"
task2_test_000847.wav,"196,30,268,280,206"
task2_test_000848.wav,"155,30,298,163,277"
task2_test_000849.wav,"30,163,53,120,276"
task2_test_000850.wav,"53,30,163,32,277"
task2_test_000851.wav,"30,53,163,32,276"
task2_test_000852.wav,"360,271,196,7,89"
task2_test_000853.wav,"94,251,52,360,89"
task2_test_000854.wav,"201,276,30,277,155"
task2_test_000855.wav,"360,61,52,206,122"
task2_test_000856.wav,"360,94,251,89,52"
task2_test_000857.wav,"305,276,30,3,328"
task2_test_000858.wav,"360,271,7,178,206"
task2_test_000859.wav,"276,30,307,277,155"
task2_test_000860.wav,"122,280,132,360,206"
task2_test_000861.wav,"30,276,53,120,163"
task2_test_000862.wav,"298,30,155,319,276"
task2_test_000863.wav,"30,276,20,143,155"
task2_test_000864.wav,"240,52,97,360,313"
task2_test_000865.wav,"30,155,32,143,256"
task2_test_000866.wav,"196,30,280,268,122"
task2_test_000867.wav,"30,108,20,155,276"
task2_test_000868.wav,"30,276,155,163,298"
task2_test_000869.wav,"30,201,276,53,163"
task2_test_000870.wav,"30,155,276,53,32"
task2_test_000871.wav,"30,276,277,155,32"
task2_test_000872.wav,"293,52,271,132,360"
task2_test_000873.wav,"52,293,271,132,122"
task2_test_000874.wav,"30,53,155,277,163"
task2_test_000875.wav,"30,143,155,38,32"
task2_test_000876.wav,"30,32,276,277,112"
task2_test_000877.wav,"201,276,30,277,155"
task2_test_000878.wav,"30,276,143,201,163"
task2_test_000879.wav,"30,276,201,143,155"
task2_test_000880.wav,"271,196,89,7,52"
task2_test_000881.wav,"30,32,277,276,112"
task2_test_000882.wav,"30,277,276,38,32"
task2_test_000883.wav,"30,32,155,276,163"
task2_test_000884.wav,"32,277,276,143,30"
task2_test_000885.wav,"313,52,94,360,271"
task2_test_000886.wav,"30,305,3,155,328"
task2_test_000887.wav,"3,268,206,30,155"
task2_test_000888.wav,"268,280,196,170,30"
task2_test_000889.wav,"201,30,276,53,307"
task2_test_000890.wav,"30,3,305,276,155"
task2_test_000891.wav,"276,30,32,201,277"
task2_test_000892.wav,"122,52,97,55,206"
task2_test_000893.wav,"30,277,38,276,163"
task2_test_000894.wav,"30,155,20,276,256"
task2_test_000895.wav,"30,276,53,120,155"
task2_test_000896.wav,"30,155,32,53,276"
task2_test_000897.wav,"30,53,276,155,32"
task2_test_000898.wav,"30,305,298,277,3"
task2_test_000899.wav,"30,143,276,53,20"
task2_test_000900.wav,"271,196,360,206,7"
task2_test_000901.wav,"30,276,53,361,143"
task2_test_000902.wav,"30,155,163,276,53"
task2_test_000903.wav,"276,30,305,155,3"
task2_test_000904.wav,"94,52,251,105,89"
task2_test_000905.wav,"201,276,30,32,277"
task2_test_000906.wav,"268,3,30,155,206"
task2_test_000907.wav,"30,20,276,155,32"
task2_test_000908.wav,"298,30,3,38,277"
task2_test_000909.wav,"30,155,143,276,319"
task2_test_000910.wav,"97,293,52,240,360"
task2_test_000911.wav,"155,30,53,276,20"
task2_test_000912.wav,"30,155,298,319,32"
task2_test_000913.wav,"53,30,163,32,155"
task2_test_000914.wav,"30,3,276,163,32"
task2_test_000915.wav,"201,276,30,277,155"
task2_test_000916.wav,"122,132,280,360,313"
task2_test_000917.wav,"313,52,360,271,97"
task2_test_000918.wav,"30,108,20,361,143"
task2_test_000919.wav,"30,276,32,53,163"
task2_test_000920.wav,"94,52,251,154,313"
task2_test_000921.wav,"30,120,277,276,32"
task2_test_000922.wav,"30,276,143,53,361"
task2_test_000923.wav,"30,276,53,163,143"
task2_test_000924.wav,"206,360,313,280,271"
task2_test_000925.wav,"122,280,89,206,178"
task2_test_000926.wav,"30,276,143,112,163"
task2_test_000927.wav,"196,360,61,271,206"
task2_test_000928.wav,"360,196,206,61,271"
task2_test_000929.wav,"155,30,298,276,163"
task2_test_000930.wav,"94,89,52,97,240"
task2_test_000931.wav,"122,280,206,89,196"
task2_test_000932.wav,"30,276,201,53,307"
task2_test_000933.wav,"30,276,53,155,120"
task2_test_000934.wav,"122,280,206,89,178"
task2_test_000935.wav,"30,276,32,201,277"
task2_test_000936.wav,"30,53,163,155,298"
task2_test_000937.wav,"276,3,298,30,155"
task2_test_000938.wav,"30,53,163,32,277"
task2_test_000939.wav,"298,30,3,305,155"
task2_test_000940.wav,"30,143,155,276,32"
task2_test_000941.wav,"240,52,97,89,105"
task2_test_000942.wav,"30,276,143,53,361"
task2_test_000943.wav,"30,277,32,143,276"
task2_test_000944.wav,"30,32,276,277,143"
task2_test_000945.wav,"360,94,89,251,52"
task2_test_000946.wav,"30,201,276,53,307"
task2_test_000947.wav,"143,30,201,277,276"
task2_test_000948.wav,"155,30,256,32,276"
task2_test_000949.wav,"30,32,155,328,276"
task2_test_000950.wav,"155,32,30,276,256"
task2_test_000951.wav,"268,155,30,3,172"
task2_test_000952.wav,"3,276,30,305,328"
task2_test_000953.wav,"30,298,155,276,163"
task2_test_000954.wav,"30,276,277,163,38"
task2_test_000955.wav,"30,305,268,206,298"
task2_test_000956.wav,"30,53,32,163,155"
task2_test_000957.wav,"30,38,277,276,32"
task2_test_000958.wav,"30,20,155,53,276"
task2_test_000959.wav,"298,276,30,155,163"
task2_test_000960.wav,"30,143,32,276,163"
task2_test_000961.wav,"30,276,328,155,163"
task2_test_000962.wav,"30,32,276,277,112"
task2_test_000963.wav,"30,276,120,163,277"
task2_test_000964.wav,"122,178,360,7,154"
task2_test_000965.wav,"61,271,196,206,360"
task2_test_000966.wav,"30,120,276,155,277"
task2_test_000967.wav,"155,30,276,256,20"
task2_test_000968.wav,"276,30,307,201,53"
task2_test_000969.wav,"52,97,293,196,122"
task2_test_000970.wav,"298,30,32,155,319"
task2_test_000971.wav,"30,276,53,155,108"
task2_test_000972.wav,"30,53,32,276,155"
task2_test_000973.wav,"30,298,32,163,155"
task2_test_000974.wav,"30,276,155,328,163"
task2_test_000975.wav,"298,30,319,155,32"
task2_test_000976.wav,"30,277,38,276,74"
task2_test_000977.wav,"360,271,268,88,251"
task2_test_000978.wav,"30,155,298,276,305"
task2_test_000979.wav,"30,108,155,20,276"
task2_test_000980.wav,"280,30,3,276,240"
task2_test_000981.wav,"240,97,217,52,122"
task2_test_000982.wav,"94,52,251,154,89"
task2_test_000983.wav,"276,30,307,201,277"
task2_test_000984.wav,"30,32,276,155,112"
task2_test_000985.wav,"30,276,155,120,307"
task2_test_000986.wav,"360,122,280,206,178"
task2_test_000987.wav,"30,276,155,201,307"
task2_test_000988.wav,"143,30,201,277,276"
task2_test_000989.wav,"30,20,53,155,276"
task2_test_000990.wav,"30,172,3,155,206"
task2_test_000991.wav,"30,276,277,53,32"
task2_test_000992.wav,"30,163,155,298,53"
task2_test_000993.wav,"240,52,360,97,105"
task2_test_000994.wav,"277,30,38,276,143"
task2_test_000995.wav,"276,30,298,155,163"
task2_test_000996.wav,"30,276,201,307,53"
task2_test_000997.wav,"97,61,313,360,271"
task2_test_000998.wav,"276,30,277,307,32"
task2_test_000999.wav,"30,277,305,206,298"
task2_test_001000.wav,"3,305,30,276,280"
task2_test_001001.wav,"30,32,276,277,143"
task2_test_001002.wav,"30,143,276,260,305"
task2_test_001003.wav,"30,20,155,143,108"
task2_test_001004.wav,"268,155,170,3,30"
task2_test_001005.wav,"32,276,30,277,201"
task2_test_001006.wav,"30,120,276,53,163"
task2_test_001007.wav,"30,277,276,163,155"
task2_test_001008.wav,"30,277,38,276,32"
task2_test_001009.wav,"251,360,89,271,52"
task2_test_001010.wav,"30,163,276,120,53"
task2_test_001011.wav,"53,30,163,32,276"
task2_test_001012.wav,"276,30,108,256,155"
task2_test_001013.wav,"30,32,276,277,112"
task2_test_001014.wav,"155,30,143,319,32"
task2_test_001015.wav,"298,30,155,32,319"
task2_test_001016.wav,"94,52,89,251,97"
task2_test_001017.wav,"30,155,276,32,38"
task2_test_001018.wav,"30,276,53,108,155"
task2_test_001019.wav,"30,155,20,53,276"
task2_test_001020.wav,"201,276,32,30,277"
task2_test_001021.wav,"30,20,53,155,276"
task2_test_001022.wav,"30,201,276,155,32"
task2_test_001023.wav,"52,97,240,154,360"
task2_test_001024.wav,"196,30,206,280,122"
task2_test_001025.wav,"360,94,251,89,105"
task2_test_001026.wav,"122,280,206,89,196"
task2_test_001027.wav,"30,53,276,143,163"
task2_test_001028.wav,"30,53,155,32,276"
task2_test_001029.wav,"155,30,143,276,319"
task2_test_001030.wav,"277,30,276,163,32"
task2_test_001031.wav,"30,276,155,328,163"
task2_test_001032.wav,"276,30,143,32,277"
task2_test_001033.wav,"122,280,206,178,360"
task2_test_001034.wav,"305,30,3,206,298"
task2_test_001035.wav,"3,305,30,276,328"
task2_test_001036.wav,"30,32,155,276,112"
task2_test_001037.wav,"268,3,155,30,206"
task2_test_001038.wav,"201,143,30,276,277"
task2_test_001039.wav,"94,52,313,105,360"
task2_test_001040.wav,"143,30,201,277,276"
task2_test_001041.wav,"276,143,277,32,20"
task2_test_001042.wav,"298,30,155,319,3"
task2_test_001043.wav,"30,155,276,328,305"
task2_test_001044.wav,"30,53,277,120,32"
task2_test_001045.wav,"30,155,276,328,305"
task2_test_001046.wav,"30,276,201,53,20"
task2_test_001047.wav,"32,30,277,276,143"
task2_test_001048.wav,"30,277,38,32,276"
task2_test_001049.wav,"52,97,154,240,360"
task2_test_001050.wav,"30,328,276,163,155"
task2_test_001051.wav,"52,313,154,360,94"
task2_test_001052.wav,"61,313,52,97,360"
task2_test_001053.wav,"30,155,276,32,20"
task2_test_001054.wav,"271,196,360,7,89"
task2_test_001055.wav,"143,30,201,277,276"
task2_test_001056.wav,"277,30,163,53,276"
task2_test_001057.wav,"360,88,268,356,271"
task2_test_001058.wav,"122,360,280,206,132"
task2_test_001059.wav,"30,276,20,143,155"
task2_test_001060.wav,"30,155,163,53,276"
task2_test_001061.wav,"30,32,112,276,143"
task2_test_001062.wav,"3,30,163,298,276"
task2_test_001063.wav,"276,30,143,20,32"
task2_test_001064.wav,"30,38,277,32,276"
task2_test_001065.wav,"30,277,32,38,305"
task2_test_001066.wav,"30,276,328,155,163"
task2_test_001067.wav,"201,276,277,30,143"
task2_test_001068.wav,"97,240,293,217,52"
task2_test_001069.wav,"30,276,155,298,328"
task2_test_001070.wav,"30,276,201,143,20"
task2_test_001071.wav,"268,305,3,30,206"
task2_test_001072.wav,"30,276,32,277,112"
task2_test_001073.wav,"30,277,53,155,276"
task2_test_001074.wav,"30,32,143,277,276"
task2_test_001075.wav,"30,38,155,277,143"
task2_test_001076.wav,"201,276,30,32,155"
task2_test_001077.wav,"201,30,143,276,277"
task2_test_001078.wav,"30,155,276,256,120"
task2_test_001079.wav,"30,38,143,276,32"
task2_test_001080.wav,"61,97,360,271,206"
task2_test_001081.wav,"201,277,276,30,143"
task2_test_001082.wav,"30,143,32,276,155"
task2_test_001083.wav,"61,97,271,360,52"
task2_test_001084.wav,"30,32,277,276,112"
task2_test_001085.wav,"122,280,206,89,132"
task2_test_001086.wav,"94,89,52,360,251"
task2_test_001087.wav,"360,52,313,97,240"
task2_test_001088.wav,"30,277,38,32,276"
task2_test_001089.wav,"360,7,271,154,196"
task2_test_001090.wav,"30,32,155,256,276"
task2_test_001091.wav,"30,277,201,143,276"
task2_test_001092.wav,"3,30,240,276,163"
task2_test_001093.wav,"30,155,298,163,53"
task2_test_001094.wav,"30,276,155,53,143"
task2_test_001095.wav,"30,276,143,20,32"
task2_test_001096.wav,"240,52,94,105,89"
task2_test_001097.wav,"360,122,97,206,240"
task2_test_001098.wav,"30,277,276,32,38"
task2_test_001099.wav,"30,277,276,38,32"
task2_test_001100.wav,"52,154,97,240,360"
task2_test_001101.wav,"3,30,155,206,268"
task2_test_001102.wav,"298,30,155,276,3"
task2_test_001103.wav,"122,132,313,280,360"
task2_test_001104.wav,"30,276,132,155,32"
task2_test_001105.wav,"30,277,276,163,155"
task2_test_001106.wav,"240,52,313,105,94"
task2_test_001107.wav,"276,143,30,163,277"
task2_test_001108.wav,"30,276,307,277,32"
task2_test_001109.wav,"30,20,53,155,172"
task2_test_001110.wav,"30,276,20,277,32"
task2_test_001111.wav,"360,280,122,206,178"
task2_test_001112.wav,"30,277,38,32,276"
task2_test_001113.wav,"30,276,305,155,3"
task2_test_001114.wav,"30,32,277,276,112"
task2_test_001115.wav,"30,155,143,276,305"
task2_test_001116.wav,"94,52,313,105,251"
task2_test_001117.wav,"360,271,196,206,7"
task2_test_001118.wav,"30,298,155,163,32"
task2_test_001119.wav,"30,276,361,143,53"
task2_test_001120.wav,"30,155,298,53,163"
task2_test_001121.wav,"298,30,319,243,3"
task2_test_001122.wav,"201,276,32,30,277"
task2_test_001123.wav,"268,155,3,30,170"
task2_test_001124.wav,"61,271,206,360,196"
task2_test_001125.wav,"30,32,276,277,112"
task2_test_001126.wav,"30,155,20,53,172"
task2_test_001127.wav,"268,155,30,206,53"
task2_test_001128.wav,"201,30,143,276,277"
task2_test_001129.wav,"30,276,155,163,53"
task2_test_001130.wav,"30,276,32,277,201"
task2_test_001131.wav,"276,30,32,120,53"
task2_test_001132.wav,"30,276,20,277,32"
task2_test_001133.wav,"30,319,155,276,3"
task2_test_001134.wav,"360,356,88,251,52"
task2_test_001135.wav,"277,53,30,276,32"
task2_test_001136.wav,"313,52,360,271,105"
task2_test_001137.wav,"30,201,143,277,276"
task2_test_001138.wav,"30,276,20,32,277"
task2_test_001139.wav,"305,280,30,277,3"
task2_test_001140.wav,"30,155,298,277,53"
task2_test_001141.wav,"360,94,251,89,52"
task2_test_001142.wav,"360,271,88,268,356"
task2_test_001143.wav,"3,30,276,163,328"
task2_test_001144.wav,"163,276,30,3,53"
task2_test_001145.wav,"276,143,277,32,30"
task2_test_001146.wav,"30,120,276,53,32"
task2_test_001147.wav,"30,276,32,201,277"
task2_test_001148.wav,"360,94,251,89,52"
task2_test_001149.wav,"52,196,89,97,217"
task2_test_001150.wav,"30,277,276,38,32"
task2_test_001151.wav,"38,30,143,277,276"
task2_test_001152.wav,"30,276,201,112,143"
task2_test_001153.wav,"30,32,155,53,276"
task2_test_001154.wav,"155,32,30,276,53"
task2_test_001155.wav,"30,53,277,32,120"
task2_test_001156.wav,"298,30,155,276,319"
task2_test_001157.wav,"122,280,206,360,271"
task2_test_001158.wav,"30,276,20,201,155"
task2_test_001159.wav,"30,305,3,298,276"
task2_test_001160.wav,"201,276,277,30,155"
task2_test_001161.wav,"298,305,3,155,30"
task2_test_001162.wav,"122,280,206,360,132"
task2_test_001163.wav,"30,155,143,20,276"
task2_test_001164.wav,"30,155,277,20,120"
task2_test_001165.wav,"53,276,30,163,32"
task2_test_001166.wav,"30,53,163,120,277"
task2_test_001167.wav,"30,3,163,298,268"
task2_test_001168.wav,"271,89,196,7,52"
task2_test_001169.wav,"30,276,120,163,277"
task2_test_001170.wav,"276,30,3,163,328"
task2_test_001171.wav,"30,277,276,3,305"
task2_test_001172.wav,"30,277,276,163,38"
task2_test_001173.wav,"155,30,20,53,172"
task2_test_001174.wav,"143,30,201,277,276"
task2_test_001175.wav,"30,276,201,32,155"
task2_test_001176.wav,"30,20,143,361,53"
task2_test_001177.wav,"30,305,3,298,155"
task2_test_001178.wav,"30,163,108,276,155"
task2_test_001179.wav,"30,155,32,276,256"
task2_test_001180.wav,"30,53,20,276,155"
task2_test_001181.wav,"360,154,313,271,7"
task2_test_001182.wav,"271,61,251,52,360"
task2_test_001183.wav,"155,30,276,32,256"
task2_test_001184.wav,"298,30,155,276,319"
task2_test_001185.wav,"276,30,201,108,53"
task2_test_001186.wav,"30,276,201,345,143"
task2_test_001187.wav,"30,276,155,32,307"
task2_test_001188.wav,"271,360,7,196,89"
task2_test_001189.wav,"30,155,20,276,256"
task2_test_001190.wav,"360,196,271,7,206"
task2_test_001191.wav,"3,276,30,305,163"
task2_test_001192.wav,"360,271,196,206,7"
task2_test_001193.wav,"360,271,196,206,7"
task2_test_001194.wav,"30,120,276,53,277"
task2_test_001195.wav,"30,155,276,53,20"
task2_test_001196.wav,"30,201,277,143,276"
task2_test_001197.wav,"3,30,163,298,268"
task2_test_001198.wav,"240,52,360,97,105"
task2_test_001199.wav,"30,163,298,32,319"
task2_test_001200.wav,"313,52,271,360,97"
task2_test_001201.wav,"30,277,163,53,276"
task2_test_001202.wav,"271,196,89,52,61"
task2_test_001203.wav,"30,276,307,155,277"
task2_test_001204.wav,"30,155,276,53,20"
task2_test_001205.wav,"360,94,251,52,154"
task2_test_001206.wav,"122,280,196,206,30"
task2_test_001207.wav,"30,277,38,276,155"
task2_test_001208.wav,"276,30,201,108,256"
task2_test_001209.wav,"360,271,196,7,154"
task2_test_001210.wav,"206,122,97,360,55"
task2_test_001211.wav,"268,30,155,280,170"
task2_test_001212.wav,"30,155,38,32,276"
task2_test_001213.wav,"360,88,356,251,271"
task2_test_001214.wav,"30,163,3,319,298"
task2_test_001215.wav,"30,32,276,53,277"
task2_test_001216.wav,"201,276,32,30,277"
task2_test_001217.wav,"30,53,155,32,276"
task2_test_001218.wav,"97,122,360,240,52"
task2_test_001219.wav,"122,280,178,206,360"
task2_test_001220.wav,"271,360,196,206,7"
task2_test_001221.wav,"97,61,360,52,313"
task2_test_001222.wav,"30,143,20,155,276"
task2_test_001223.wav,"30,277,276,38,155"
task2_test_001224.wav,"30,155,32,276,53"
task2_test_001225.wav,"30,276,53,20,143"
task2_test_001226.wav,"3,30,268,298,163"
task2_test_001227.wav,"276,30,201,32,277"
task2_test_001228.wav,"30,276,361,20,53"
task2_test_001229.wav,"30,276,277,163,155"
task2_test_001230.wav,"30,276,201,32,53"
task2_test_001231.wav,"30,276,143,20,32"
task2_test_001232.wav,"30,3,206,155,298"
task2_test_001233.wav,"30,276,201,53,307"
task2_test_001234.wav,"30,53,276,155,32"
task2_test_001235.wav,"3,30,172,163,155"
task2_test_001236.wav,"201,277,276,30,143"
task2_test_001237.wav,"3,280,30,240,276"
task2_test_001238.wav,"276,32,30,277,201"
task2_test_001239.wav,"30,276,163,53,32"
task2_test_001240.wav,"30,53,277,120,155"
task2_test_001241.wav,"30,305,328,276,3"
task2_test_001242.wav,"30,298,163,155,319"
task2_test_001243.wav,"30,53,277,276,120"
task2_test_001244.wav,"30,276,155,277,328"
task2_test_001245.wav,"30,298,206,3,155"
task2_test_001246.wav,"30,276,163,155,328"
task2_test_001247.wav,"30,201,276,155,277"
task2_test_001248.wav,"3,305,30,276,328"
task2_test_001249.wav,"30,155,53,163,32"
task2_test_001250.wav,"30,32,276,277,112"
task2_test_001251.wav,"30,32,143,277,276"
task2_test_001252.wav,"30,53,276,20,163"
task2_test_001253.wav,"360,271,7,154,196"
task2_test_001254.wav,"155,276,256,32,201"
task2_test_001255.wav,"52,271,132,196,122"
task2_test_001256.wav,"30,32,276,277,20"
task2_test_001257.wav,"30,163,276,155,3"
task2_test_001258.wav,"298,30,3,276,206"
task2_test_001259.wav,"30,120,32,276,53"
task2_test_001260.wav,"155,30,32,256,276"
task2_test_001261.wav,"30,155,20,276,32"
task2_test_001262.wav,"276,201,30,32,277"
task2_test_001263.wav,"30,276,143,201,20"
task2_test_001264.wav,"30,276,143,20,155"
task2_test_001265.wav,"122,178,360,7,280"
task2_test_001266.wav,"32,30,277,276,143"
task2_test_001267.wav,"313,52,360,271,97"
task2_test_001268.wav,"30,32,53,155,3"
task2_test_001269.wav,"3,30,305,276,155"
task2_test_001270.wav,"298,163,30,3,32"
task2_test_001271.wav,"172,268,155,30,206"
task2_test_001272.wav,"30,305,206,298,3"
task2_test_001273.wav,"30,155,143,276,20"
task2_test_001274.wav,"271,196,360,206,7"
task2_test_001275.wav,"201,30,276,155,277"
task2_test_001276.wav,"61,206,360,271,97"
task2_test_001277.wav,"30,155,20,53,172"
task2_test_001278.wav,"276,108,30,155,163"
task2_test_001279.wav,"360,271,7,196,154"
task2_test_001280.wav,"30,155,305,276,328"
task2_test_001281.wav,"30,298,3,206,305"
task2_test_001282.wav,"30,53,276,163,32"
task2_test_001283.wav,"240,52,97,154,360"
task2_test_001284.wav,"97,240,293,217,52"
task2_test_001285.wav,"293,97,240,154,52"
task2_test_001286.wav,"30,276,277,155,32"
task2_test_001287.wav,"30,155,276,53,328"
task2_test_001288.wav,"30,53,155,163,298"
task2_test_001289.wav,"30,298,163,3,32"
task2_test_001290.wav,"30,53,163,120,32"
task2_test_001291.wav,"30,53,277,32,276"
task2_test_001292.wav,"30,53,276,155,201"
task2_test_001293.wav,"30,163,298,155,319"
task2_test_001294.wav,"52,97,122,293,240"
task2_test_001295.wav,"276,30,143,20,112"
task2_test_001296.wav,"30,53,120,277,32"
task2_test_001297.wav,"30,32,155,276,53"
task2_test_001298.wav,"53,163,276,30,32"
task2_test_001299.wav,"30,298,38,277,3"
task2_test_001300.wav,"122,280,360,313,206"
task2_test_001301.wav,"276,30,155,108,53"
task2_test_001302.wav,"276,30,307,277,20"
task2_test_001303.wav,"313,52,94,271,360"
task2_test_001304.wav,"240,52,89,105,97"
task2_test_001305.wav,"271,196,206,7,360"
task2_test_001306.wav,"30,277,276,120,155"
task2_test_001307.wav,"122,280,206,360,132"
task2_test_001308.wav,"38,30,143,276,277"
task2_test_001309.wav,"360,7,271,89,196"
task2_test_001310.wav,"30,53,277,32,120"
task2_test_001311.wav,"30,277,276,163,120"
task2_test_001312.wav,"30,298,277,155,276"
task2_test_001313.wav,"313,52,360,271,154"
task2_test_001314.wav,"94,360,251,52,89"
task2_test_001315.wav,"277,30,305,276,143"
task2_test_001316.wav,"30,143,276,361,53"
task2_test_001317.wav,"30,53,277,32,155"
task2_test_001318.wav,"30,276,163,53,155"
task2_test_001319.wav,"30,276,112,201,143"
task2_test_001320.wav,"268,280,196,30,122"
task2_test_001321.wav,"52,313,360,154,105"
task2_test_001322.wav,"30,143,155,276,32"
task2_test_001323.wav,"30,120,276,155,53"
task2_test_001324.wav,"196,271,52,89,61"
task2_test_001325.wav,"298,30,32,319,3"
task2_test_001326.wav,"30,32,143,276,155"
task2_test_001327.wav,"3,30,280,305,276"
task2_test_001328.wav,"155,276,30,108,256"
task2_test_001329.wav,"122,280,206,360,178"
task2_test_001330.wav,"277,30,276,38,163"
task2_test_001331.wav,"30,276,32,277,143"
task2_test_001332.wav,"30,32,276,328,163"
task2_test_001333.wav,"30,155,143,32,319"
task2_test_001334.wav,"30,276,277,163,120"
task2_test_001335.wav,"30,53,20,155,276"
task2_test_001336.wav,"30,20,53,276,155"
task2_test_001337.wav,"30,277,20,305,32"
task2_test_001338.wav,"30,155,298,32,163"
task2_test_001339.wav,"298,30,38,3,163"
task2_test_001340.wav,"53,30,163,276,155"
task2_test_001341.wav,"268,172,155,3,30"
task2_test_001342.wav,"276,155,256,30,143"
task2_test_001343.wav,"53,30,276,163,277"
task2_test_001344.wav,"30,143,155,276,319"
task2_test_001345.wav,"122,280,178,360,7"
task2_test_001346.wav,"155,30,268,206,3"
task2_test_001347.wav,"360,97,240,122,52"
task2_test_001348.wav,"30,108,20,155,143"
task2_test_001349.wav,"155,30,276,53,20"
task2_test_001350.wav,"30,120,276,53,277"
task2_test_001351.wav,"271,61,97,360,206"
task2_test_001352.wav,"30,305,277,276,53"
task2_test_001353.wav,"30,53,32,155,276"
task2_test_001354.wav,"3,276,30,163,298"
task2_test_001355.wav,"276,30,20,32,307"
task2_test_001356.wav,"360,196,7,271,206"
task2_test_001357.wav,"155,30,276,53,20"
task2_test_001358.wav,"360,97,52,61,293"
task2_test_001359.wav,"97,52,293,217,240"
task2_test_001360.wav,"30,276,328,155,163"
task2_test_001361.wav,"298,30,155,3,32"
task2_test_001362.wav,"30,155,32,256,319"
task2_test_001363.wav,"30,32,155,256,276"
task2_test_001364.wav,"30,155,20,53,276"
task2_test_001365.wav,"155,30,298,32,277"
task2_test_001366.wav,"30,276,143,305,155"
task2_test_001367.wav,"52,271,154,89,251"
task2_test_001368.wav,"30,276,32,277,254"
task2_test_001369.wav,"30,155,163,276,53"
task2_test_001370.wav,"61,360,196,206,271"
task2_test_001371.wav,"30,276,120,53,163"
task2_test_001372.wav,"201,276,30,155,277"
task2_test_001373.wav,"94,251,52,154,89"
task2_test_001374.wav,"30,155,163,53,32"
task2_test_001375.wav,"30,32,276,3,53"
task2_test_001376.wav,"143,30,201,277,276"
task2_test_001377.wav,"30,276,155,108,20"
task2_test_001378.wav,"30,120,155,276,20"
task2_test_001379.wav,"276,30,20,307,155"
task2_test_001380.wav,"360,122,178,280,206"
task2_test_001381.wav,"30,53,277,155,276"
task2_test_001382.wav,"30,53,163,32,276"
task2_test_001383.wav,"30,3,163,298,268"
task2_test_001384.wav,"52,94,313,154,271"
task2_test_001385.wav,"97,61,206,360,52"
task2_test_001386.wav,"30,155,268,277,53"
task2_test_001387.wav,"201,276,30,155,277"
task2_test_001388.wav,"143,201,30,277,276"
task2_test_001389.wav,"3,30,305,276,328"
task2_test_001390.wav,"30,276,163,53,155"
task2_test_001391.wav,"30,276,32,163,3"
task2_test_001392.wav,"30,20,276,143,155"
task2_test_001393.wav,"305,30,276,3,328"
task2_test_001394.wav,"360,97,154,240,293"
task2_test_001395.wav,"30,143,276,361,20"
task2_test_001396.wav,"30,3,305,328,155"
task2_test_001397.wav,"276,30,361,108,277"
task2_test_001398.wav,"30,277,143,201,276"
task2_test_001399.wav,"30,38,276,143,277"
task2_test_001400.wav,"122,280,360,132,196"
task2_test_001401.wav,"30,277,163,155,276"
task2_test_001402.wav,"201,30,143,276,277"
task2_test_001403.wav,"30,53,155,20,276"
task2_test_001404.wav,"30,53,155,163,32"
task2_test_001405.wav,"3,30,276,305,280"
task2_test_001406.wav,"201,277,276,30,143"
task2_test_001407.wav,"52,94,313,240,105"
task2_test_001408.wav,"30,277,201,143,276"
task2_test_001409.wav,"268,280,122,30,132"
task2_test_001410.wav,"201,276,277,30,143"
task2_test_001411.wav,"30,38,143,276,277"
task2_test_001412.wav,"298,30,3,206,319"
task2_test_001413.wav,"30,276,155,120,32"
task2_test_001414.wav,"30,276,201,143,163"
task2_test_001415.wav,"30,276,143,20,32"
task2_test_001416.wav,"61,52,97,271,313"
task2_test_001417.wav,"53,30,277,163,32"
task2_test_001418.wav,"276,163,30,53,3"
task2_test_001419.wav,"276,30,307,201,277"
task2_test_001420.wav,"268,280,170,30,196"
task2_test_001421.wav,"155,30,276,20,32"
task2_test_001422.wav,"30,305,277,298,206"
task2_test_001423.wav,"88,360,356,271,251"
task2_test_001424.wav,"30,53,277,276,120"
task2_test_001425.wav,"305,30,3,155,276"
task2_test_001426.wav,"30,276,277,163,53"
task2_test_001427.wav,"268,172,3,170,155"
task2_test_001428.wav,"30,277,276,206,155"
task2_test_001429.wav,"94,52,154,251,313"
task2_test_001430.wav,"30,201,276,155,32"
task2_test_001431.wav,"196,52,89,271,61"
task2_test_001432.wav,"30,20,276,155,307"
task2_test_001433.wav,"38,30,143,277,276"
task2_test_001434.wav,"53,30,163,32,155"
task2_test_001435.wav,"298,30,3,277,38"
task2_test_001436.wav,"53,30,155,163,276"
task2_test_001437.wav,"30,276,108,277,143"
task2_test_001438.wav,"201,276,30,155,53"
task2_test_001439.wav,"240,52,97,105,89"
task2_test_001440.wav,"30,155,163,276,277"
task2_test_001441.wav,"30,305,298,3,277"
task2_test_001442.wav,"30,276,155,163,328"
task2_test_001443.wav,"30,276,32,201,277"
task2_test_001444.wav,"30,276,143,361,108"
task2_test_001445.wav,"30,201,276,155,277"
task2_test_001446.wav,"30,53,277,155,163"
task2_test_001447.wav,"30,155,256,20,276"
task2_test_001448.wav,"3,30,276,305,328"
task2_test_001449.wav,"293,97,240,217,154"
task2_test_001450.wav,"201,143,30,277,276"
task2_test_001451.wav,"298,155,30,276,32"
task2_test_001452.wav,"30,276,155,298,163"
task2_test_001453.wav,"52,271,154,94,251"
task2_test_001454.wav,"30,305,3,276,328"
task2_test_001455.wav,"30,305,155,319,276"
task2_test_001456.wav,"201,30,276,155,277"
task2_test_001457.wav,"94,52,251,89,360"
task2_test_001458.wav,"196,122,206,271,52"
task2_test_001459.wav,"201,143,30,276,277"
task2_test_001460.wav,"30,143,20,276,361"
task2_test_001461.wav,"30,143,201,277,276"
task2_test_001462.wav,"360,94,251,89,52"
task2_test_001463.wav,"30,155,276,32,256"
task2_test_001464.wav,"30,32,276,155,328"
task2_test_001465.wav,"143,30,201,277,276"
task2_test_001466.wav,"276,30,3,163,328"
task2_test_001467.wav,"30,53,32,276,163"
task2_test_001468.wav,"271,196,89,52,360"
task2_test_001469.wav,"30,276,32,53,155"
task2_test_001470.wav,"360,122,280,178,206"
task2_test_001471.wav,"276,32,30,201,277"
task2_test_001472.wav,"30,155,53,276,20"
task2_test_001473.wav,"30,143,20,276,53"
task2_test_001474.wav,"94,52,89,251,360"
task2_test_001475.wav,"30,38,277,32,143"
task2_test_001476.wav,"298,30,163,319,3"
task2_test_001477.wav,"30,155,20,172,53"
task2_test_001478.wav,"271,196,7,206,360"
task2_test_001479.wav,"30,276,155,163,328"
task2_test_001480.wav,"30,276,53,163,120"
task2_test_001481.wav,"271,360,196,7,89"
task2_test_001482.wav,"122,178,7,154,360"
task2_test_001483.wav,"30,298,32,155,319"
task2_test_001484.wav,"30,276,32,277,20"
task2_test_001485.wav,"30,143,276,155,305"
task2_test_001486.wav,"89,122,280,206,196"
task2_test_001487.wav,"30,276,201,20,32"
task2_test_001488.wav,"240,52,360,97,154"
task2_test_001489.wav,"30,53,155,277,298"
task2_test_001490.wav,"360,94,251,89,105"
task2_test_001491.wav,"52,240,313,154,105"
task2_test_001492.wav,"30,3,163,298,155"
task2_test_001493.wav,"30,155,120,276,277"
task2_test_001494.wav,"155,32,30,276,53"
task2_test_001495.wav,"30,155,307,53,276"
task2_test_001496.wav,"271,360,88,97,61"
task2_test_001497.wav,"30,305,155,3,276"
task2_test_001498.wav,"201,276,30,155,277"
task2_test_001499.wav,"305,30,3,155,276"
task2_test_001500.wav,"201,143,30,276,277"
task2_test_001501.wav,"30,276,155,163,328"
task2_test_001502.wav,"360,94,251,52,89"
task2_test_001503.wav,"276,30,277,32,20"
task2_test_001504.wav,"201,30,276,155,32"
task2_test_001505.wav,"271,196,7,206,89"
task2_test_001506.wav,"32,276,30,277,112"
task2_test_001507.wav,"30,276,32,277,143"
task2_test_001508.wav,"276,30,155,108,256"
task2_test_001509.wav,"30,277,276,38,32"
task2_test_001510.wav,"30,155,276,53,32"
task2_test_001511.wav,"122,280,89,206,178"
task2_test_001512.wav,"30,276,32,201,277"
task2_test_001513.wav,"3,268,30,206,305"
task2_test_001514.wav,"30,276,53,143,361"
task2_test_001515.wav,"122,280,206,89,178"
task2_test_001516.wav,"30,277,276,155,163"
task2_test_001517.wav,"122,178,280,89,7"
task2_test_001518.wav,"268,155,30,53,206"
task2_test_001519.wav,"30,143,276,20,305"
task2_test_001520.wav,"94,52,271,154,313"
task2_test_001521.wav,"30,163,319,53,155"
task2_test_001522.wav,"30,38,277,32,305"
task2_test_001523.wav,"30,276,155,298,277"
task2_test_001524.wav,"30,276,32,120,307"
task2_test_001525.wav,"298,30,155,319,276"
task2_test_001526.wav,"277,30,38,143,276"
task2_test_001527.wav,"201,30,276,155,277"
task2_test_001528.wav,"30,155,276,32,277"
task2_test_001529.wav,"53,30,277,163,276"
task2_test_001530.wav,"268,155,30,3,206"
task2_test_001531.wav,"360,240,97,122,52"
task2_test_001532.wav,"201,276,30,32,155"
task2_test_001533.wav,"97,154,52,240,293"
task2_test_001534.wav,"30,276,112,143,132"
task2_test_001535.wav,"30,143,32,256,155"
task2_test_001536.wav,"30,298,155,276,3"
task2_test_001537.wav,"30,32,276,277,112"
task2_test_001538.wav,"30,276,143,361,108"
task2_test_001539.wav,"30,276,307,120,32"
task2_test_001540.wav,"298,30,163,38,3"
task2_test_001541.wav,"143,30,32,276,277"
task2_test_001542.wav,"201,276,277,30,155"
task2_test_001543.wav,"30,201,53,276,307"
task2_test_001544.wav,"305,277,276,32,30"
task2_test_001545.wav,"52,293,122,271,132"
task2_test_001546.wav,"30,276,38,277,155"
task2_test_001547.wav,"97,52,240,122,217"
task2_test_001548.wav,"30,277,38,276,240"
task2_test_001549.wav,"30,143,20,155,276"
task2_test_001550.wav,"30,276,361,108,307"
task2_test_001551.wav,"155,30,276,53,20"
task2_test_001552.wav,"30,32,143,256,172"
task2_test_001553.wav,"30,276,120,53,20"
task2_test_001554.wav,"61,206,196,271,97"
task2_test_001555.wav,"143,201,30,277,276"
